SampleID	CrewMember	Timepoint_Day	Phase	FinalOutputs
16S_FCS_Hsap_S1_scWim_120d_Rep1_01-120	S1	120	Mid	GLDS-191_GAmplicon_ASVs.fasta, GLDS-191_GAmplicon_counts.tsv, GLDS-191_GAmplicon_read-count-tracking.tsv, GLDS-191_GAmplicon_taxonomy-and-counts.biom.zip, GLDS-191_GAmplicon_taxonomy.tsv, GLDS-191_GAmplicon_taxonomy-and-counts.tsv
16S_FCS_Hsap_S1_scWim_14d_Rep1_01-14	S1	14	Early	GLDS-191_GAmplicon_ASVs.fasta, GLDS-191_GAmplicon_counts.tsv, GLDS-191_GAmplicon_read-count-tracking.tsv, GLDS-191_GAmplicon_taxonomy-and-counts.biom.zip, GLDS-191_GAmplicon_taxonomy.tsv, GLDS-191_GAmplicon_taxonomy-and-counts.tsv
16S_FCS_Hsap_S1_scWim_150d_Rep1_01-150	S1	150	Mid	GLDS-191_GAmplicon_ASVs.fasta, GLDS-191_GAmplicon_counts.tsv, GLDS-191_GAmplicon_read-count-tracking.tsv, GLDS-191_GAmplicon_taxonomy-and-counts.biom.zip, GLDS-191_GAmplicon_taxonomy.tsv, GLDS-191_GAmplicon_taxonomy-and-counts.tsv
16S_FCS_Hsap_S1_scWim_180d_Rep1_01-180	S1	180	Mid	GLDS-191_GAmplicon_ASVs.fasta, GLDS-191_GAmplicon_counts.tsv, GLDS-191_GAmplicon_read-count-tracking.tsv, GLDS-191_GAmplicon_taxonomy-and-counts.biom.zip, GLDS-191_GAmplicon_taxonomy.tsv, GLDS-191_GAmplicon_taxonomy-and-counts.tsv
16S_FCS_Hsap_S1_scWim_210d_Rep1_01-210	S1	210	Mid	GLDS-191_GAmplicon_ASVs.fasta, GLDS-191_GAmplicon_counts.tsv, GLDS-191_GAmplicon_read-count-tracking.tsv, GLDS-191_GAmplicon_taxonomy-and-counts.biom.zip, GLDS-191_GAmplicon_taxonomy.tsv, GLDS-191_GAmplicon_taxonomy-and-counts.tsv
16S_FCS_Hsap_S1_scWim_21d_Rep1_01-21	S1	21	Early	GLDS-191_GAmplicon_ASVs.fasta, GLDS-191_GAmplicon_counts.tsv, GLDS-191_GAmplicon_read-count-tracking.tsv, GLDS-191_GAmplicon_taxonomy-and-counts.biom.zip, GLDS-191_GAmplicon_taxonomy.tsv, GLDS-191_GAmplicon_taxonomy-and-counts.tsv
16S_FCS_Hsap_S1_scWim_300d_Rep1_01-300	S1	300	Mid	GLDS-191_GAmplicon_ASVs.fasta, GLDS-191_GAmplicon_counts.tsv, GLDS-191_GAmplicon_read-count-tracking.tsv, GLDS-191_GAmplicon_taxonomy-and-counts.biom.zip, GLDS-191_GAmplicon_taxonomy.tsv, GLDS-191_GAmplicon_taxonomy-and-counts.tsv
16S_FCS_Hsap_S1_scWim_30d_Rep1_01-30	S1	30	Early	GLDS-191_GAmplicon_ASVs.fasta, GLDS-191_GAmplicon_counts.tsv, GLDS-191_GAmplicon_read-count-tracking.tsv, GLDS-191_GAmplicon_taxonomy-and-counts.biom.zip, GLDS-191_GAmplicon_taxonomy.tsv, GLDS-191_GAmplicon_taxonomy-and-counts.tsv
16S_FCS_Hsap_S1_scWim_330d_Rep1_01-330	S1	330	Mid	GLDS-191_GAmplicon_ASVs.fasta, GLDS-191_GAmplicon_counts.tsv, GLDS-191_GAmplicon_read-count-tracking.tsv, GLDS-191_GAmplicon_taxonomy-and-counts.biom.zip, GLDS-191_GAmplicon_taxonomy.tsv, GLDS-191_GAmplicon_taxonomy-and-counts.tsv
16S_FCS_Hsap_S1_scWim_360d_Rep1_01-360	S1	360	Late	GLDS-191_GAmplicon_ASVs.fasta, GLDS-191_GAmplicon_counts.tsv, GLDS-191_GAmplicon_read-count-tracking.tsv, GLDS-191_GAmplicon_taxonomy-and-counts.biom.zip, GLDS-191_GAmplicon_taxonomy.tsv, GLDS-191_GAmplicon_taxonomy-and-counts.tsv
16S_FCS_Hsap_S1_scWim_390d_Rep1_01-390	S1	390	Late	GLDS-191_GAmplicon_ASVs.fasta, GLDS-191_GAmplicon_counts.tsv, GLDS-191_GAmplicon_read-count-tracking.tsv, GLDS-191_GAmplicon_taxonomy-and-counts.biom.zip, GLDS-191_GAmplicon_taxonomy.tsv, GLDS-191_GAmplicon_taxonomy-and-counts.tsv
16S_FCS_Hsap_S1_scWim_420d_Rep1_01-420	S1	420	Late	GLDS-191_GAmplicon_ASVs.fasta, GLDS-191_GAmplicon_counts.tsv, GLDS-191_GAmplicon_read-count-tracking.tsv, GLDS-191_GAmplicon_taxonomy-and-counts.biom.zip, GLDS-191_GAmplicon_taxonomy.tsv, GLDS-191_GAmplicon_taxonomy-and-counts.tsv
16S_FCS_Hsap_S1_scWim_450d_Rep1_01-450	S1	450	Late	GLDS-191_GAmplicon_ASVs.fasta, GLDS-191_GAmplicon_counts.tsv, GLDS-191_GAmplicon_read-count-tracking.tsv, GLDS-191_GAmplicon_taxonomy-and-counts.biom.zip, GLDS-191_GAmplicon_taxonomy.tsv, GLDS-191_GAmplicon_taxonomy-and-counts.tsv
16S_FCS_Hsap_S1_scWim_45d_Rep1_01-45	S1	45	Early	GLDS-191_GAmplicon_ASVs.fasta, GLDS-191_GAmplicon_counts.tsv, GLDS-191_GAmplicon_read-count-tracking.tsv, GLDS-191_GAmplicon_taxonomy-and-counts.biom.zip, GLDS-191_GAmplicon_taxonomy.tsv, GLDS-191_GAmplicon_taxonomy-and-counts.tsv
16S_FCS_Hsap_S1_scWim_490d_Rep1_01-490	S1	490	Late	GLDS-191_GAmplicon_ASVs.fasta, GLDS-191_GAmplicon_counts.tsv, GLDS-191_GAmplicon_read-count-tracking.tsv, GLDS-191_GAmplicon_taxonomy-and-counts.biom.zip, GLDS-191_GAmplicon_taxonomy.tsv, GLDS-191_GAmplicon_taxonomy-and-counts.tsv
16S_FCS_Hsap_S1_scWim_504d_Rep1_01-504	S1	504	Late	GLDS-191_GAmplicon_ASVs.fasta, GLDS-191_GAmplicon_counts.tsv, GLDS-191_GAmplicon_read-count-tracking.tsv, GLDS-191_GAmplicon_taxonomy-and-counts.biom.zip, GLDS-191_GAmplicon_taxonomy.tsv, GLDS-191_GAmplicon_taxonomy-and-counts.tsv
16S_FCS_Hsap_S1_scWim_520d_Rep1_01-520	S1	520	Late	GLDS-191_GAmplicon_ASVs.fasta, GLDS-191_GAmplicon_counts.tsv, GLDS-191_GAmplicon_read-count-tracking.tsv, GLDS-191_GAmplicon_taxonomy-and-counts.biom.zip, GLDS-191_GAmplicon_taxonomy.tsv, GLDS-191_GAmplicon_taxonomy-and-counts.tsv
16S_FCS_Hsap_S1_scWim_60d_Rep1_01-60	S1	60	Mid	GLDS-191_GAmplicon_ASVs.fasta, GLDS-191_GAmplicon_counts.tsv, GLDS-191_GAmplicon_read-count-tracking.tsv, GLDS-191_GAmplicon_taxonomy-and-counts.biom.zip, GLDS-191_GAmplicon_taxonomy.tsv, GLDS-191_GAmplicon_taxonomy-and-counts.tsv
16S_FCS_Hsap_S1_scWim_75d_Rep1_01-75	S1	75	Mid	GLDS-191_GAmplicon_ASVs.fasta, GLDS-191_GAmplicon_counts.tsv, GLDS-191_GAmplicon_read-count-tracking.tsv, GLDS-191_GAmplicon_taxonomy-and-counts.biom.zip, GLDS-191_GAmplicon_taxonomy.tsv, GLDS-191_GAmplicon_taxonomy-and-counts.tsv
16S_FCS_Hsap_S1_scWim_7d_Rep1_01-7	S1	7	Early	GLDS-191_GAmplicon_ASVs.fasta, GLDS-191_GAmplicon_counts.tsv, GLDS-191_GAmplicon_read-count-tracking.tsv, GLDS-191_GAmplicon_taxonomy-and-counts.biom.zip, GLDS-191_GAmplicon_taxonomy.tsv, GLDS-191_GAmplicon_taxonomy-and-counts.tsv
16S_FCS_Hsap_S1_scWim_90d_Rep1_01-90	S1	90	Mid	GLDS-191_GAmplicon_ASVs.fasta, GLDS-191_GAmplicon_counts.tsv, GLDS-191_GAmplicon_read-count-tracking.tsv, GLDS-191_GAmplicon_taxonomy-and-counts.biom.zip, GLDS-191_GAmplicon_taxonomy.tsv, GLDS-191_GAmplicon_taxonomy-and-counts.tsv
16S_FCS_Hsap_S1_scAem_plus10d_Rep1_01-plus10	S1	530	Post-Mission	GLDS-191_GAmplicon_ASVs.fasta, GLDS-191_GAmplicon_counts.tsv, GLDS-191_GAmplicon_read-count-tracking.tsv, GLDS-191_GAmplicon_taxonomy-and-counts.biom.zip, GLDS-191_GAmplicon_taxonomy.tsv, GLDS-191_GAmplicon_taxonomy-and-counts.tsv
16S_FCS_Hsap_S1_scAem_plus3mon_Rep1_01-plus3m	S1	610	Post-Mission	GLDS-191_GAmplicon_ASVs.fasta, GLDS-191_GAmplicon_counts.tsv, GLDS-191_GAmplicon_read-count-tracking.tsv, GLDS-191_GAmplicon_taxonomy-and-counts.biom.zip, GLDS-191_GAmplicon_taxonomy.tsv, GLDS-191_GAmplicon_taxonomy-and-counts.tsv
16S_FCS_Hsap_S1_scAem_plus6mon_Rep1_01-plus6m	S1	700	Post-Mission	GLDS-191_GAmplicon_ASVs.fasta, GLDS-191_GAmplicon_counts.tsv, GLDS-191_GAmplicon_read-count-tracking.tsv, GLDS-191_GAmplicon_taxonomy-and-counts.biom.zip, GLDS-191_GAmplicon_taxonomy.tsv, GLDS-191_GAmplicon_taxonomy-and-counts.tsv
16S_FCS_Hsap_S2_scWim_120d_Rep2_02-120	S2	120	Mid	GLDS-191_GAmplicon_ASVs.fasta, GLDS-191_GAmplicon_counts.tsv, GLDS-191_GAmplicon_read-count-tracking.tsv, GLDS-191_GAmplicon_taxonomy-and-counts.biom.zip, GLDS-191_GAmplicon_taxonomy.tsv, GLDS-191_GAmplicon_taxonomy-and-counts.tsv
16S_FCS_Hsap_S2_scWim_14d_Rep2_02-14	S2	14	Early	GLDS-191_GAmplicon_ASVs.fasta, GLDS-191_GAmplicon_counts.tsv, GLDS-191_GAmplicon_read-count-tracking.tsv, GLDS-191_GAmplicon_taxonomy-and-counts.biom.zip, GLDS-191_GAmplicon_taxonomy.tsv, GLDS-191_GAmplicon_taxonomy-and-counts.tsv
16S_FCS_Hsap_S2_scWim_150d_Rep2_02-150	S2	150	Mid	GLDS-191_GAmplicon_ASVs.fasta, GLDS-191_GAmplicon_counts.tsv, GLDS-191_GAmplicon_read-count-tracking.tsv, GLDS-191_GAmplicon_taxonomy-and-counts.biom.zip, GLDS-191_GAmplicon_taxonomy.tsv, GLDS-191_GAmplicon_taxonomy-and-counts.tsv
16S_FCS_Hsap_S2_scWim_180d_Rep2_02-180	S2	180	Mid	GLDS-191_GAmplicon_ASVs.fasta, GLDS-191_GAmplicon_counts.tsv, GLDS-191_GAmplicon_read-count-tracking.tsv, GLDS-191_GAmplicon_taxonomy-and-counts.biom.zip, GLDS-191_GAmplicon_taxonomy.tsv, GLDS-191_GAmplicon_taxonomy-and-counts.tsv
16S_FCS_Hsap_S2_scWim_1d_Rep1_02-1	S2	1	Early	GLDS-191_GAmplicon_ASVs.fasta, GLDS-191_GAmplicon_counts.tsv, GLDS-191_GAmplicon_read-count-tracking.tsv, GLDS-191_GAmplicon_taxonomy-and-counts.biom.zip, GLDS-191_GAmplicon_taxonomy.tsv, GLDS-191_GAmplicon_taxonomy-and-counts.tsv
16S_FCS_Hsap_S2_scWim_210d_Rep2_02-210	S2	210	Mid	GLDS-191_GAmplicon_ASVs.fasta, GLDS-191_GAmplicon_counts.tsv, GLDS-191_GAmplicon_read-count-tracking.tsv, GLDS-191_GAmplicon_taxonomy-and-counts.biom.zip, GLDS-191_GAmplicon_taxonomy.tsv, GLDS-191_GAmplicon_taxonomy-and-counts.tsv
16S_FCS_Hsap_S2_scWim_21d_Rep2_02-21	S2	21	Early	GLDS-191_GAmplicon_ASVs.fasta, GLDS-191_GAmplicon_counts.tsv, GLDS-191_GAmplicon_read-count-tracking.tsv, GLDS-191_GAmplicon_taxonomy-and-counts.biom.zip, GLDS-191_GAmplicon_taxonomy.tsv, GLDS-191_GAmplicon_taxonomy-and-counts.tsv
16S_FCS_Hsap_S2_scWim_270d_Rep1_02-270	S2	270	Mid	GLDS-191_GAmplicon_ASVs.fasta, GLDS-191_GAmplicon_counts.tsv, GLDS-191_GAmplicon_read-count-tracking.tsv, GLDS-191_GAmplicon_taxonomy-and-counts.biom.zip, GLDS-191_GAmplicon_taxonomy.tsv, GLDS-191_GAmplicon_taxonomy-and-counts.tsv
16S_FCS_Hsap_S2_scWim_300d_Rep2_02-300	S2	300	Mid	GLDS-191_GAmplicon_ASVs.fasta, GLDS-191_GAmplicon_counts.tsv, GLDS-191_GAmplicon_read-count-tracking.tsv, GLDS-191_GAmplicon_taxonomy-and-counts.biom.zip, GLDS-191_GAmplicon_taxonomy.tsv, GLDS-191_GAmplicon_taxonomy-and-counts.tsv
16S_FCS_Hsap_S2_scWim_30d_Rep2_02-30	S2	30	Early	GLDS-191_GAmplicon_ASVs.fasta, GLDS-191_GAmplicon_counts.tsv, GLDS-191_GAmplicon_read-count-tracking.tsv, GLDS-191_GAmplicon_taxonomy-and-counts.biom.zip, GLDS-191_GAmplicon_taxonomy.tsv, GLDS-191_GAmplicon_taxonomy-and-counts.tsv
16S_FCS_Hsap_S2_scWim_330d_Rep2_02-330	S2	330	Mid	GLDS-191_GAmplicon_ASVs.fasta, GLDS-191_GAmplicon_counts.tsv, GLDS-191_GAmplicon_read-count-tracking.tsv, GLDS-191_GAmplicon_taxonomy-and-counts.biom.zip, GLDS-191_GAmplicon_taxonomy.tsv, GLDS-191_GAmplicon_taxonomy-and-counts.tsv
16S_FCS_Hsap_S2_scWim_240d_Rep1_02-240	S2	240	Mid	GLDS-191_GAmplicon_ASVs.fasta, GLDS-191_GAmplicon_counts.tsv, GLDS-191_GAmplicon_read-count-tracking.tsv, GLDS-191_GAmplicon_taxonomy-and-counts.biom.zip, GLDS-191_GAmplicon_taxonomy.tsv, GLDS-191_GAmplicon_taxonomy-and-counts.tsv
16S_FCS_Hsap_S2_scWim_360d_Rep2_02-360	S2	360	Late	GLDS-191_GAmplicon_ASVs.fasta, GLDS-191_GAmplicon_counts.tsv, GLDS-191_GAmplicon_read-count-tracking.tsv, GLDS-191_GAmplicon_taxonomy-and-counts.biom.zip, GLDS-191_GAmplicon_taxonomy.tsv, GLDS-191_GAmplicon_taxonomy-and-counts.tsv
16S_FCS_Hsap_S2_scWim_390d_Rep2_02-390	S2	390	Late	GLDS-191_GAmplicon_ASVs.fasta, GLDS-191_GAmplicon_counts.tsv, GLDS-191_GAmplicon_read-count-tracking.tsv, GLDS-191_GAmplicon_taxonomy-and-counts.biom.zip, GLDS-191_GAmplicon_taxonomy.tsv, GLDS-191_GAmplicon_taxonomy-and-counts.tsv
16S_FCS_Hsap_S2_scWim_420d_Rep2_02-420	S2	420	Late	GLDS-191_GAmplicon_ASVs.fasta, GLDS-191_GAmplicon_counts.tsv, GLDS-191_GAmplicon_read-count-tracking.tsv, GLDS-191_GAmplicon_taxonomy-and-counts.biom.zip, GLDS-191_GAmplicon_taxonomy.tsv, GLDS-191_GAmplicon_taxonomy-and-counts.tsv
16S_FCS_Hsap_S2_scWim_450d_Rep2_02-450	S2	450	Late	GLDS-191_GAmplicon_ASVs.fasta, GLDS-191_GAmplicon_counts.tsv, GLDS-191_GAmplicon_read-count-tracking.tsv, GLDS-191_GAmplicon_taxonomy-and-counts.biom.zip, GLDS-191_GAmplicon_taxonomy.tsv, GLDS-191_GAmplicon_taxonomy-and-counts.tsv
16S_FCS_Hsap_S2_scWim_45d_Rep2_02-45	S2	45	Early	GLDS-191_GAmplicon_ASVs.fasta, GLDS-191_GAmplicon_counts.tsv, GLDS-191_GAmplicon_read-count-tracking.tsv, GLDS-191_GAmplicon_taxonomy-and-counts.biom.zip, GLDS-191_GAmplicon_taxonomy.tsv, GLDS-191_GAmplicon_taxonomy-and-counts.tsv
16S_FCS_Hsap_S2_scWim_490d_Rep2_02-490	S2	490	Late	GLDS-191_GAmplicon_ASVs.fasta, GLDS-191_GAmplicon_counts.tsv, GLDS-191_GAmplicon_read-count-tracking.tsv, GLDS-191_GAmplicon_taxonomy-and-counts.biom.zip, GLDS-191_GAmplicon_taxonomy.tsv, GLDS-191_GAmplicon_taxonomy-and-counts.tsv
16S_FCS_Hsap_S2_scWim_504d_Rep2_02-504	S2	504	Late	GLDS-191_GAmplicon_ASVs.fasta, GLDS-191_GAmplicon_counts.tsv, GLDS-191_GAmplicon_read-count-tracking.tsv, GLDS-191_GAmplicon_taxonomy-and-counts.biom.zip, GLDS-191_GAmplicon_taxonomy.tsv, GLDS-191_GAmplicon_taxonomy-and-counts.tsv
16S_FCS_Hsap_S2_scWim_520d_Rep2_02-520	S2	520	Late	GLDS-191_GAmplicon_ASVs.fasta, GLDS-191_GAmplicon_counts.tsv, GLDS-191_GAmplicon_read-count-tracking.tsv, GLDS-191_GAmplicon_taxonomy-and-counts.biom.zip, GLDS-191_GAmplicon_taxonomy.tsv, GLDS-191_GAmplicon_taxonomy-and-counts.tsv
16S_FCS_Hsap_S2_scWim_60d_Rep2_02-60	S2	60	Mid	GLDS-191_GAmplicon_ASVs.fasta, GLDS-191_GAmplicon_counts.tsv, GLDS-191_GAmplicon_read-count-tracking.tsv, GLDS-191_GAmplicon_taxonomy-and-counts.biom.zip, GLDS-191_GAmplicon_taxonomy.tsv, GLDS-191_GAmplicon_taxonomy-and-counts.tsv
16S_FCS_Hsap_S2_scWim_7d_Rep2_02-7	S2	7	Early	GLDS-191_GAmplicon_ASVs.fasta, GLDS-191_GAmplicon_counts.tsv, GLDS-191_GAmplicon_read-count-tracking.tsv, GLDS-191_GAmplicon_taxonomy-and-counts.biom.zip, GLDS-191_GAmplicon_taxonomy.tsv, GLDS-191_GAmplicon_taxonomy-and-counts.tsv
16S_FCS_Hsap_S2_scWim_90d_Rep2_02-90	S2	90	Mid	GLDS-191_GAmplicon_ASVs.fasta, GLDS-191_GAmplicon_counts.tsv, GLDS-191_GAmplicon_read-count-tracking.tsv, GLDS-191_GAmplicon_taxonomy-and-counts.biom.zip, GLDS-191_GAmplicon_taxonomy.tsv, GLDS-191_GAmplicon_taxonomy-and-counts.tsv
16S_FCS_Hsap_S2_scAem_plus10d_Rep2_02-plus10	S2	530	Post-Mission	GLDS-191_GAmplicon_ASVs.fasta, GLDS-191_GAmplicon_counts.tsv, GLDS-191_GAmplicon_read-count-tracking.tsv, GLDS-191_GAmplicon_taxonomy-and-counts.biom.zip, GLDS-191_GAmplicon_taxonomy.tsv, GLDS-191_GAmplicon_taxonomy-and-counts.tsv
16S_FCS_Hsap_S2_scAem_plus3mon_Rep2_02-plus3m	S2	610	Post-Mission	GLDS-191_GAmplicon_ASVs.fasta, GLDS-191_GAmplicon_counts.tsv, GLDS-191_GAmplicon_read-count-tracking.tsv, GLDS-191_GAmplicon_taxonomy-and-counts.biom.zip, GLDS-191_GAmplicon_taxonomy.tsv, GLDS-191_GAmplicon_taxonomy-and-counts.tsv
16S_FCS_Hsap_S2_scAem_plus6mon_Rep2_02-plus6m	S2	700	Post-Mission	GLDS-191_GAmplicon_ASVs.fasta, GLDS-191_GAmplicon_counts.tsv, GLDS-191_GAmplicon_read-count-tracking.tsv, GLDS-191_GAmplicon_taxonomy-and-counts.biom.zip, GLDS-191_GAmplicon_taxonomy.tsv, GLDS-191_GAmplicon_taxonomy-and-counts.tsv
16S_FCS_Hsap_S3_scWim_120d_Rep3_03-120	S3	120	Mid	GLDS-191_GAmplicon_ASVs.fasta, GLDS-191_GAmplicon_counts.tsv, GLDS-191_GAmplicon_read-count-tracking.tsv, GLDS-191_GAmplicon_taxonomy-and-counts.biom.zip, GLDS-191_GAmplicon_taxonomy.tsv, GLDS-191_GAmplicon_taxonomy-and-counts.tsv
16S_FCS_Hsap_S3_scWim_14d_Rep3_03-14	S3	14	Early	GLDS-191_GAmplicon_ASVs.fasta, GLDS-191_GAmplicon_counts.tsv, GLDS-191_GAmplicon_read-count-tracking.tsv, GLDS-191_GAmplicon_taxonomy-and-counts.biom.zip, GLDS-191_GAmplicon_taxonomy.tsv, GLDS-191_GAmplicon_taxonomy-and-counts.tsv
16S_FCS_Hsap_S3_scWim_150d_Rep3_03-150	S3	150	Mid	GLDS-191_GAmplicon_ASVs.fasta, GLDS-191_GAmplicon_counts.tsv, GLDS-191_GAmplicon_read-count-tracking.tsv, GLDS-191_GAmplicon_taxonomy-and-counts.biom.zip, GLDS-191_GAmplicon_taxonomy.tsv, GLDS-191_GAmplicon_taxonomy-and-counts.tsv
16S_FCS_Hsap_S3_scWim_180d_Rep3_03-180	S3	180	Mid	GLDS-191_GAmplicon_ASVs.fasta, GLDS-191_GAmplicon_counts.tsv, GLDS-191_GAmplicon_read-count-tracking.tsv, GLDS-191_GAmplicon_taxonomy-and-counts.biom.zip, GLDS-191_GAmplicon_taxonomy.tsv, GLDS-191_GAmplicon_taxonomy-and-counts.tsv
16S_FCS_Hsap_S3_scWim_1d_Rep2_03-1	S3	1	Early	GLDS-191_GAmplicon_ASVs.fasta, GLDS-191_GAmplicon_counts.tsv, GLDS-191_GAmplicon_read-count-tracking.tsv, GLDS-191_GAmplicon_taxonomy-and-counts.biom.zip, GLDS-191_GAmplicon_taxonomy.tsv, GLDS-191_GAmplicon_taxonomy-and-counts.tsv
16S_FCS_Hsap_S3_scWim_210d_Rep3_03-210	S3	210	Mid	GLDS-191_GAmplicon_ASVs.fasta, GLDS-191_GAmplicon_counts.tsv, GLDS-191_GAmplicon_read-count-tracking.tsv, GLDS-191_GAmplicon_taxonomy-and-counts.biom.zip, GLDS-191_GAmplicon_taxonomy.tsv, GLDS-191_GAmplicon_taxonomy-and-counts.tsv
16S_FCS_Hsap_S3_scWim_21d_Rep3_03-21	S3	21	Early	GLDS-191_GAmplicon_ASVs.fasta, GLDS-191_GAmplicon_counts.tsv, GLDS-191_GAmplicon_read-count-tracking.tsv, GLDS-191_GAmplicon_taxonomy-and-counts.biom.zip, GLDS-191_GAmplicon_taxonomy.tsv, GLDS-191_GAmplicon_taxonomy-and-counts.tsv
16S_FCS_Hsap_S3_scWim_240d_Rep2_03-240	S3	240	Mid	GLDS-191_GAmplicon_ASVs.fasta, GLDS-191_GAmplicon_counts.tsv, GLDS-191_GAmplicon_read-count-tracking.tsv, GLDS-191_GAmplicon_taxonomy-and-counts.biom.zip, GLDS-191_GAmplicon_taxonomy.tsv, GLDS-191_GAmplicon_taxonomy-and-counts.tsv
16S_FCS_Hsap_S3_scWim_270d_Rep2_03-270	S3	270	Mid	GLDS-191_GAmplicon_ASVs.fasta, GLDS-191_GAmplicon_counts.tsv, GLDS-191_GAmplicon_read-count-tracking.tsv, GLDS-191_GAmplicon_taxonomy-and-counts.biom.zip, GLDS-191_GAmplicon_taxonomy.tsv, GLDS-191_GAmplicon_taxonomy-and-counts.tsv
16S_FCS_Hsap_S3_scWim_300d_Rep3_03-300	S3	300	Mid	GLDS-191_GAmplicon_ASVs.fasta, GLDS-191_GAmplicon_counts.tsv, GLDS-191_GAmplicon_read-count-tracking.tsv, GLDS-191_GAmplicon_taxonomy-and-counts.biom.zip, GLDS-191_GAmplicon_taxonomy.tsv, GLDS-191_GAmplicon_taxonomy-and-counts.tsv
16S_FCS_Hsap_S3_scWim_30d_Rep3_03-30	S3	30	Early	GLDS-191_GAmplicon_ASVs.fasta, GLDS-191_GAmplicon_counts.tsv, GLDS-191_GAmplicon_read-count-tracking.tsv, GLDS-191_GAmplicon_taxonomy-and-counts.biom.zip, GLDS-191_GAmplicon_taxonomy.tsv, GLDS-191_GAmplicon_taxonomy-and-counts.tsv
16S_FCS_Hsap_S3_scWim_330d_Rep3_03-330	S3	330	Mid	GLDS-191_GAmplicon_ASVs.fasta, GLDS-191_GAmplicon_counts.tsv, GLDS-191_GAmplicon_read-count-tracking.tsv, GLDS-191_GAmplicon_taxonomy-and-counts.biom.zip, GLDS-191_GAmplicon_taxonomy.tsv, GLDS-191_GAmplicon_taxonomy-and-counts.tsv
16S_FCS_Hsap_S3_scWim_360d_Rep3_03-360	S3	360	Late	GLDS-191_GAmplicon_ASVs.fasta, GLDS-191_GAmplicon_counts.tsv, GLDS-191_GAmplicon_read-count-tracking.tsv, GLDS-191_GAmplicon_taxonomy-and-counts.biom.zip, GLDS-191_GAmplicon_taxonomy.tsv, GLDS-191_GAmplicon_taxonomy-and-counts.tsv
16S_FCS_Hsap_S3_scWim_390d_Rep3_03-390	S3	390	Late	GLDS-191_GAmplicon_ASVs.fasta, GLDS-191_GAmplicon_counts.tsv, GLDS-191_GAmplicon_read-count-tracking.tsv, GLDS-191_GAmplicon_taxonomy-and-counts.biom.zip, GLDS-191_GAmplicon_taxonomy.tsv, GLDS-191_GAmplicon_taxonomy-and-counts.tsv
16S_FCS_Hsap_S3_scWim_420d_Rep3_03-420	S3	420	Late	GLDS-191_GAmplicon_ASVs.fasta, GLDS-191_GAmplicon_counts.tsv, GLDS-191_GAmplicon_read-count-tracking.tsv, GLDS-191_GAmplicon_taxonomy-and-counts.biom.zip, GLDS-191_GAmplicon_taxonomy.tsv, GLDS-191_GAmplicon_taxonomy-and-counts.tsv
16S_FCS_Hsap_S3_scWim_450d_Rep3_03-450	S3	450	Late	GLDS-191_GAmplicon_ASVs.fasta, GLDS-191_GAmplicon_counts.tsv, GLDS-191_GAmplicon_read-count-tracking.tsv, GLDS-191_GAmplicon_taxonomy-and-counts.biom.zip, GLDS-191_GAmplicon_taxonomy.tsv, GLDS-191_GAmplicon_taxonomy-and-counts.tsv
16S_FCS_Hsap_S3_scWim_45d_Rep3_03-45	S3	45	Early	GLDS-191_GAmplicon_ASVs.fasta, GLDS-191_GAmplicon_counts.tsv, GLDS-191_GAmplicon_read-count-tracking.tsv, GLDS-191_GAmplicon_taxonomy-and-counts.biom.zip, GLDS-191_GAmplicon_taxonomy.tsv, GLDS-191_GAmplicon_taxonomy-and-counts.tsv
16S_FCS_Hsap_S3_scWim_490d_Rep3_03-490	S3	490	Late	GLDS-191_GAmplicon_ASVs.fasta, GLDS-191_GAmplicon_counts.tsv, GLDS-191_GAmplicon_read-count-tracking.tsv, GLDS-191_GAmplicon_taxonomy-and-counts.biom.zip, GLDS-191_GAmplicon_taxonomy.tsv, GLDS-191_GAmplicon_taxonomy-and-counts.tsv
16S_FCS_Hsap_S3_scWim_504d_Rep3_03-504	S3	504	Late	GLDS-191_GAmplicon_ASVs.fasta, GLDS-191_GAmplicon_counts.tsv, GLDS-191_GAmplicon_read-count-tracking.tsv, GLDS-191_GAmplicon_taxonomy-and-counts.biom.zip, GLDS-191_GAmplicon_taxonomy.tsv, GLDS-191_GAmplicon_taxonomy-and-counts.tsv
16S_FCS_Hsap_S3_scWim_520d_Rep3_03-520	S3	520	Late	GLDS-191_GAmplicon_ASVs.fasta, GLDS-191_GAmplicon_counts.tsv, GLDS-191_GAmplicon_read-count-tracking.tsv, GLDS-191_GAmplicon_taxonomy-and-counts.biom.zip, GLDS-191_GAmplicon_taxonomy.tsv, GLDS-191_GAmplicon_taxonomy-and-counts.tsv
16S_FCS_Hsap_S3_scWim_60d_Rep3_03-60	S3	60	Mid	GLDS-191_GAmplicon_ASVs.fasta, GLDS-191_GAmplicon_counts.tsv, GLDS-191_GAmplicon_read-count-tracking.tsv, GLDS-191_GAmplicon_taxonomy-and-counts.biom.zip, GLDS-191_GAmplicon_taxonomy.tsv, GLDS-191_GAmplicon_taxonomy-and-counts.tsv
16S_FCS_Hsap_S3_scWim_75d_Rep3_03-75	S3	75	Mid	GLDS-191_GAmplicon_ASVs.fasta, GLDS-191_GAmplicon_counts.tsv, GLDS-191_GAmplicon_read-count-tracking.tsv, GLDS-191_GAmplicon_taxonomy-and-counts.biom.zip, GLDS-191_GAmplicon_taxonomy.tsv, GLDS-191_GAmplicon_taxonomy-and-counts.tsv
16S_FCS_Hsap_S3_scWim_7d_Rep3_03-7	S3	7	Early	GLDS-191_GAmplicon_ASVs.fasta, GLDS-191_GAmplicon_counts.tsv, GLDS-191_GAmplicon_read-count-tracking.tsv, GLDS-191_GAmplicon_taxonomy-and-counts.biom.zip, GLDS-191_GAmplicon_taxonomy.tsv, GLDS-191_GAmplicon_taxonomy-and-counts.tsv
16S_FCS_Hsap_S3_scWim_90d_Rep3_03-90	S3	90	Mid	GLDS-191_GAmplicon_ASVs.fasta, GLDS-191_GAmplicon_counts.tsv, GLDS-191_GAmplicon_read-count-tracking.tsv, GLDS-191_GAmplicon_taxonomy-and-counts.biom.zip, GLDS-191_GAmplicon_taxonomy.tsv, GLDS-191_GAmplicon_taxonomy-and-counts.tsv
16S_FCS_Hsap_S3_scBem_minus10d_Rep1_03-minus10	S3	-10	Pre-Mission	GLDS-191_GAmplicon_ASVs.fasta, GLDS-191_GAmplicon_counts.tsv, GLDS-191_GAmplicon_read-count-tracking.tsv, GLDS-191_GAmplicon_taxonomy-and-counts.biom.zip, GLDS-191_GAmplicon_taxonomy.tsv, GLDS-191_GAmplicon_taxonomy-and-counts.tsv
16S_FCS_Hsap_S3_scAem_plus10d_Rep3_03-plus10	S3	530	Post-Mission	GLDS-191_GAmplicon_ASVs.fasta, GLDS-191_GAmplicon_counts.tsv, GLDS-191_GAmplicon_read-count-tracking.tsv, GLDS-191_GAmplicon_taxonomy-and-counts.biom.zip, GLDS-191_GAmplicon_taxonomy.tsv, GLDS-191_GAmplicon_taxonomy-and-counts.tsv
16S_FCS_Hsap_S3_scAem_plus3mon_Rep3_03-plus3m	S3	610	Post-Mission	GLDS-191_GAmplicon_ASVs.fasta, GLDS-191_GAmplicon_counts.tsv, GLDS-191_GAmplicon_read-count-tracking.tsv, GLDS-191_GAmplicon_taxonomy-and-counts.biom.zip, GLDS-191_GAmplicon_taxonomy.tsv, GLDS-191_GAmplicon_taxonomy-and-counts.tsv
16S_FCS_Hsap_S3_scAem_plus6mon_Rep3_03-plus6m	S3	700	Post-Mission	GLDS-191_GAmplicon_ASVs.fasta, GLDS-191_GAmplicon_counts.tsv, GLDS-191_GAmplicon_read-count-tracking.tsv, GLDS-191_GAmplicon_taxonomy-and-counts.biom.zip, GLDS-191_GAmplicon_taxonomy.tsv, GLDS-191_GAmplicon_taxonomy-and-counts.tsv
16S_FCS_Hsap_S4_scWim_120d_Rep4_04-120	S4	120	Mid	GLDS-191_GAmplicon_ASVs.fasta, GLDS-191_GAmplicon_counts.tsv, GLDS-191_GAmplicon_read-count-tracking.tsv, GLDS-191_GAmplicon_taxonomy-and-counts.biom.zip, GLDS-191_GAmplicon_taxonomy.tsv, GLDS-191_GAmplicon_taxonomy-and-counts.tsv
16S_FCS_Hsap_S4_scWim_14d_Rep4_04-14	S4	14	Early	GLDS-191_GAmplicon_ASVs.fasta, GLDS-191_GAmplicon_counts.tsv, GLDS-191_GAmplicon_read-count-tracking.tsv, GLDS-191_GAmplicon_taxonomy-and-counts.biom.zip, GLDS-191_GAmplicon_taxonomy.tsv, GLDS-191_GAmplicon_taxonomy-and-counts.tsv
16S_FCS_Hsap_S4_scWim_150d_Rep4_04-150	S4	150	Mid	GLDS-191_GAmplicon_ASVs.fasta, GLDS-191_GAmplicon_counts.tsv, GLDS-191_GAmplicon_read-count-tracking.tsv, GLDS-191_GAmplicon_taxonomy-and-counts.biom.zip, GLDS-191_GAmplicon_taxonomy.tsv, GLDS-191_GAmplicon_taxonomy-and-counts.tsv
16S_FCS_Hsap_S4_scWim_180d_Rep4_04-180	S4	180	Mid	GLDS-191_GAmplicon_ASVs.fasta, GLDS-191_GAmplicon_counts.tsv, GLDS-191_GAmplicon_read-count-tracking.tsv, GLDS-191_GAmplicon_taxonomy-and-counts.biom.zip, GLDS-191_GAmplicon_taxonomy.tsv, GLDS-191_GAmplicon_taxonomy-and-counts.tsv
16S_FCS_Hsap_S4_scWim_1d_Rep3_04-1	S4	1	Early	GLDS-191_GAmplicon_ASVs.fasta, GLDS-191_GAmplicon_counts.tsv, GLDS-191_GAmplicon_read-count-tracking.tsv, GLDS-191_GAmplicon_taxonomy-and-counts.biom.zip, GLDS-191_GAmplicon_taxonomy.tsv, GLDS-191_GAmplicon_taxonomy-and-counts.tsv
16S_FCS_Hsap_S4_scWim_210d_Rep4_04-210	S4	210	Mid	GLDS-191_GAmplicon_ASVs.fasta, GLDS-191_GAmplicon_counts.tsv, GLDS-191_GAmplicon_read-count-tracking.tsv, GLDS-191_GAmplicon_taxonomy-and-counts.biom.zip, GLDS-191_GAmplicon_taxonomy.tsv, GLDS-191_GAmplicon_taxonomy-and-counts.tsv
16S_FCS_Hsap_S4_scWim_21d_Rep4_04-21	S4	21	Early	GLDS-191_GAmplicon_ASVs.fasta, GLDS-191_GAmplicon_counts.tsv, GLDS-191_GAmplicon_read-count-tracking.tsv, GLDS-191_GAmplicon_taxonomy-and-counts.biom.zip, GLDS-191_GAmplicon_taxonomy.tsv, GLDS-191_GAmplicon_taxonomy-and-counts.tsv
16S_FCS_Hsap_S4_scWim_240d_Rep3_04-240	S4	240	Mid	GLDS-191_GAmplicon_ASVs.fasta, GLDS-191_GAmplicon_counts.tsv, GLDS-191_GAmplicon_read-count-tracking.tsv, GLDS-191_GAmplicon_taxonomy-and-counts.biom.zip, GLDS-191_GAmplicon_taxonomy.tsv, GLDS-191_GAmplicon_taxonomy-and-counts.tsv
16S_FCS_Hsap_S4_scWim_270d_Rep3_04-270	S4	270	Mid	GLDS-191_GAmplicon_ASVs.fasta, GLDS-191_GAmplicon_counts.tsv, GLDS-191_GAmplicon_read-count-tracking.tsv, GLDS-191_GAmplicon_taxonomy-and-counts.biom.zip, GLDS-191_GAmplicon_taxonomy.tsv, GLDS-191_GAmplicon_taxonomy-and-counts.tsv
16S_FCS_Hsap_S4_scWim_300d_Rep4_04-300	S4	300	Mid	GLDS-191_GAmplicon_ASVs.fasta, GLDS-191_GAmplicon_counts.tsv, GLDS-191_GAmplicon_read-count-tracking.tsv, GLDS-191_GAmplicon_taxonomy-and-counts.biom.zip, GLDS-191_GAmplicon_taxonomy.tsv, GLDS-191_GAmplicon_taxonomy-and-counts.tsv
16S_FCS_Hsap_S4_scWim_30d_Rep4_04-30	S4	30	Early	GLDS-191_GAmplicon_ASVs.fasta, GLDS-191_GAmplicon_counts.tsv, GLDS-191_GAmplicon_read-count-tracking.tsv, GLDS-191_GAmplicon_taxonomy-and-counts.biom.zip, GLDS-191_GAmplicon_taxonomy.tsv, GLDS-191_GAmplicon_taxonomy-and-counts.tsv
16S_FCS_Hsap_S4_scWim_330d_Rep4_04-330	S4	330	Mid	GLDS-191_GAmplicon_ASVs.fasta, GLDS-191_GAmplicon_counts.tsv, GLDS-191_GAmplicon_read-count-tracking.tsv, GLDS-191_GAmplicon_taxonomy-and-counts.biom.zip, GLDS-191_GAmplicon_taxonomy.tsv, GLDS-191_GAmplicon_taxonomy-and-counts.tsv
16S_FCS_Hsap_S4_scWim_360d_Rep4_04-360	S4	360	Late	GLDS-191_GAmplicon_ASVs.fasta, GLDS-191_GAmplicon_counts.tsv, GLDS-191_GAmplicon_read-count-tracking.tsv, GLDS-191_GAmplicon_taxonomy-and-counts.biom.zip, GLDS-191_GAmplicon_taxonomy.tsv, GLDS-191_GAmplicon_taxonomy-and-counts.tsv
16S_FCS_Hsap_S4_scWim_390d_Rep4_04-390	S4	390	Late	GLDS-191_GAmplicon_ASVs.fasta, GLDS-191_GAmplicon_counts.tsv, GLDS-191_GAmplicon_read-count-tracking.tsv, GLDS-191_GAmplicon_taxonomy-and-counts.biom.zip, GLDS-191_GAmplicon_taxonomy.tsv, GLDS-191_GAmplicon_taxonomy-and-counts.tsv
16S_FCS_Hsap_S4_scWim_420d_Rep4_04-420	S4	420	Late	GLDS-191_GAmplicon_ASVs.fasta, GLDS-191_GAmplicon_counts.tsv, GLDS-191_GAmplicon_read-count-tracking.tsv, GLDS-191_GAmplicon_taxonomy-and-counts.biom.zip, GLDS-191_GAmplicon_taxonomy.tsv, GLDS-191_GAmplicon_taxonomy-and-counts.tsv
16S_FCS_Hsap_S4_scWim_450d_Rep4_04-450	S4	450	Late	GLDS-191_GAmplicon_ASVs.fasta, GLDS-191_GAmplicon_counts.tsv, GLDS-191_GAmplicon_read-count-tracking.tsv, GLDS-191_GAmplicon_taxonomy-and-counts.biom.zip, GLDS-191_GAmplicon_taxonomy.tsv, GLDS-191_GAmplicon_taxonomy-and-counts.tsv
16S_FCS_Hsap_S4_scWim_45d_Rep4_04-45	S4	45	Early	GLDS-191_GAmplicon_ASVs.fasta, GLDS-191_GAmplicon_counts.tsv, GLDS-191_GAmplicon_read-count-tracking.tsv, GLDS-191_GAmplicon_taxonomy-and-counts.biom.zip, GLDS-191_GAmplicon_taxonomy.tsv, GLDS-191_GAmplicon_taxonomy-and-counts.tsv
16S_FCS_Hsap_S4_scWim_490d_Rep4_04-490	S4	490	Late	GLDS-191_GAmplicon_ASVs.fasta, GLDS-191_GAmplicon_counts.tsv, GLDS-191_GAmplicon_read-count-tracking.tsv, GLDS-191_GAmplicon_taxonomy-and-counts.biom.zip, GLDS-191_GAmplicon_taxonomy.tsv, GLDS-191_GAmplicon_taxonomy-and-counts.tsv
16S_FCS_Hsap_S4_scWim_504d_Rep4_04-504	S4	504	Late	GLDS-191_GAmplicon_ASVs.fasta, GLDS-191_GAmplicon_counts.tsv, GLDS-191_GAmplicon_read-count-tracking.tsv, GLDS-191_GAmplicon_taxonomy-and-counts.biom.zip, GLDS-191_GAmplicon_taxonomy.tsv, GLDS-191_GAmplicon_taxonomy-and-counts.tsv
16S_FCS_Hsap_S4_scWim_520d_Rep4_04-520	S4	520	Late	GLDS-191_GAmplicon_ASVs.fasta, GLDS-191_GAmplicon_counts.tsv, GLDS-191_GAmplicon_read-count-tracking.tsv, GLDS-191_GAmplicon_taxonomy-and-counts.biom.zip, GLDS-191_GAmplicon_taxonomy.tsv, GLDS-191_GAmplicon_taxonomy-and-counts.tsv
16S_FCS_Hsap_S4_scWim_60d_Rep4_04-60	S4	60	Mid	GLDS-191_GAmplicon_ASVs.fasta, GLDS-191_GAmplicon_counts.tsv, GLDS-191_GAmplicon_read-count-tracking.tsv, GLDS-191_GAmplicon_taxonomy-and-counts.biom.zip, GLDS-191_GAmplicon_taxonomy.tsv, GLDS-191_GAmplicon_taxonomy-and-counts.tsv
16S_FCS_Hsap_S4_scWim_75d_Rep4_04-75	S4	75	Mid	GLDS-191_GAmplicon_ASVs.fasta, GLDS-191_GAmplicon_counts.tsv, GLDS-191_GAmplicon_read-count-tracking.tsv, GLDS-191_GAmplicon_taxonomy-and-counts.biom.zip, GLDS-191_GAmplicon_taxonomy.tsv, GLDS-191_GAmplicon_taxonomy-and-counts.tsv
16S_FCS_Hsap_S4_scWim_7d_Rep4_04-7	S4	7	Early	GLDS-191_GAmplicon_ASVs.fasta, GLDS-191_GAmplicon_counts.tsv, GLDS-191_GAmplicon_read-count-tracking.tsv, GLDS-191_GAmplicon_taxonomy-and-counts.biom.zip, GLDS-191_GAmplicon_taxonomy.tsv, GLDS-191_GAmplicon_taxonomy-and-counts.tsv
16S_FCS_Hsap_S4_scWim_90d_Rep4_04-90	S4	90	Mid	GLDS-191_GAmplicon_ASVs.fasta, GLDS-191_GAmplicon_counts.tsv, GLDS-191_GAmplicon_read-count-tracking.tsv, GLDS-191_GAmplicon_taxonomy-and-counts.biom.zip, GLDS-191_GAmplicon_taxonomy.tsv, GLDS-191_GAmplicon_taxonomy-and-counts.tsv
16S_FCS_Hsap_S4_scBem_minus10d_Rep2_04-minus10	S4	-10	Pre-Mission	GLDS-191_GAmplicon_ASVs.fasta, GLDS-191_GAmplicon_counts.tsv, GLDS-191_GAmplicon_read-count-tracking.tsv, GLDS-191_GAmplicon_taxonomy-and-counts.biom.zip, GLDS-191_GAmplicon_taxonomy.tsv, GLDS-191_GAmplicon_taxonomy-and-counts.tsv
16S_FCS_Hsap_S4_scAem_plus10d_Rep4_04-plus10	S4	530	Post-Mission	GLDS-191_GAmplicon_ASVs.fasta, GLDS-191_GAmplicon_counts.tsv, GLDS-191_GAmplicon_read-count-tracking.tsv, GLDS-191_GAmplicon_taxonomy-and-counts.biom.zip, GLDS-191_GAmplicon_taxonomy.tsv, GLDS-191_GAmplicon_taxonomy-and-counts.tsv
16S_FCS_Hsap_S4_scAem_plus3mon_Rep4_04-plus3m	S4	610	Post-Mission	GLDS-191_GAmplicon_ASVs.fasta, GLDS-191_GAmplicon_counts.tsv, GLDS-191_GAmplicon_read-count-tracking.tsv, GLDS-191_GAmplicon_taxonomy-and-counts.biom.zip, GLDS-191_GAmplicon_taxonomy.tsv, GLDS-191_GAmplicon_taxonomy-and-counts.tsv
16S_FCS_Hsap_S5_scWim_120d_Rep5_05-120	S5	120	Mid	GLDS-191_GAmplicon_ASVs.fasta, GLDS-191_GAmplicon_counts.tsv, GLDS-191_GAmplicon_read-count-tracking.tsv, GLDS-191_GAmplicon_taxonomy-and-counts.biom.zip, GLDS-191_GAmplicon_taxonomy.tsv, GLDS-191_GAmplicon_taxonomy-and-counts.tsv
16S_FCS_Hsap_S5_scWim_14d_Rep5_05-14	S5	14	Early	GLDS-191_GAmplicon_ASVs.fasta, GLDS-191_GAmplicon_counts.tsv, GLDS-191_GAmplicon_read-count-tracking.tsv, GLDS-191_GAmplicon_taxonomy-and-counts.biom.zip, GLDS-191_GAmplicon_taxonomy.tsv, GLDS-191_GAmplicon_taxonomy-and-counts.tsv
16S_FCS_Hsap_S5_scWim_150d_Rep5_05-150	S5	150	Mid	GLDS-191_GAmplicon_ASVs.fasta, GLDS-191_GAmplicon_counts.tsv, GLDS-191_GAmplicon_read-count-tracking.tsv, GLDS-191_GAmplicon_taxonomy-and-counts.biom.zip, GLDS-191_GAmplicon_taxonomy.tsv, GLDS-191_GAmplicon_taxonomy-and-counts.tsv
16S_FCS_Hsap_S5_scWim_180d_Rep5_05-180	S5	180	Mid	GLDS-191_GAmplicon_ASVs.fasta, GLDS-191_GAmplicon_counts.tsv, GLDS-191_GAmplicon_read-count-tracking.tsv, GLDS-191_GAmplicon_taxonomy-and-counts.biom.zip, GLDS-191_GAmplicon_taxonomy.tsv, GLDS-191_GAmplicon_taxonomy-and-counts.tsv
16S_FCS_Hsap_S5_scWim_1d_Rep4_05-1	S5	1	Early	GLDS-191_GAmplicon_ASVs.fasta, GLDS-191_GAmplicon_counts.tsv, GLDS-191_GAmplicon_read-count-tracking.tsv, GLDS-191_GAmplicon_taxonomy-and-counts.biom.zip, GLDS-191_GAmplicon_taxonomy.tsv, GLDS-191_GAmplicon_taxonomy-and-counts.tsv
16S_FCS_Hsap_S5_scWim_210d_Rep5_05-210	S5	210	Mid	GLDS-191_GAmplicon_ASVs.fasta, GLDS-191_GAmplicon_counts.tsv, GLDS-191_GAmplicon_read-count-tracking.tsv, GLDS-191_GAmplicon_taxonomy-and-counts.biom.zip, GLDS-191_GAmplicon_taxonomy.tsv, GLDS-191_GAmplicon_taxonomy-and-counts.tsv
16S_FCS_Hsap_S5_scWim_21d_Rep5_05-21	S5	21	Early	GLDS-191_GAmplicon_ASVs.fasta, GLDS-191_GAmplicon_counts.tsv, GLDS-191_GAmplicon_read-count-tracking.tsv, GLDS-191_GAmplicon_taxonomy-and-counts.biom.zip, GLDS-191_GAmplicon_taxonomy.tsv, GLDS-191_GAmplicon_taxonomy-and-counts.tsv
16S_FCS_Hsap_S5_scWim_240d_Rep4_05-240	S5	240	Mid	GLDS-191_GAmplicon_ASVs.fasta, GLDS-191_GAmplicon_counts.tsv, GLDS-191_GAmplicon_read-count-tracking.tsv, GLDS-191_GAmplicon_taxonomy-and-counts.biom.zip, GLDS-191_GAmplicon_taxonomy.tsv, GLDS-191_GAmplicon_taxonomy-and-counts.tsv
16S_FCS_Hsap_S5_scWim_270d_Rep4_05-270	S5	270	Mid	GLDS-191_GAmplicon_ASVs.fasta, GLDS-191_GAmplicon_counts.tsv, GLDS-191_GAmplicon_read-count-tracking.tsv, GLDS-191_GAmplicon_taxonomy-and-counts.biom.zip, GLDS-191_GAmplicon_taxonomy.tsv, GLDS-191_GAmplicon_taxonomy-and-counts.tsv
16S_FCS_Hsap_S5_scWim_300d_Rep5_05-300	S5	300	Mid	GLDS-191_GAmplicon_ASVs.fasta, GLDS-191_GAmplicon_counts.tsv, GLDS-191_GAmplicon_read-count-tracking.tsv, GLDS-191_GAmplicon_taxonomy-and-counts.biom.zip, GLDS-191_GAmplicon_taxonomy.tsv, GLDS-191_GAmplicon_taxonomy-and-counts.tsv
16S_FCS_Hsap_S5_scWim_30d_Rep5_05-30	S5	30	Early	GLDS-191_GAmplicon_ASVs.fasta, GLDS-191_GAmplicon_counts.tsv, GLDS-191_GAmplicon_read-count-tracking.tsv, GLDS-191_GAmplicon_taxonomy-and-counts.biom.zip, GLDS-191_GAmplicon_taxonomy.tsv, GLDS-191_GAmplicon_taxonomy-and-counts.tsv
16S_FCS_Hsap_S5_scWim_330d_Rep5_05-330	S5	330	Mid	GLDS-191_GAmplicon_ASVs.fasta, GLDS-191_GAmplicon_counts.tsv, GLDS-191_GAmplicon_read-count-tracking.tsv, GLDS-191_GAmplicon_taxonomy-and-counts.biom.zip, GLDS-191_GAmplicon_taxonomy.tsv, GLDS-191_GAmplicon_taxonomy-and-counts.tsv
16S_FCS_Hsap_S5_scWim_360d_Rep5_05-360	S5	360	Late	GLDS-191_GAmplicon_ASVs.fasta, GLDS-191_GAmplicon_counts.tsv, GLDS-191_GAmplicon_read-count-tracking.tsv, GLDS-191_GAmplicon_taxonomy-and-counts.biom.zip, GLDS-191_GAmplicon_taxonomy.tsv, GLDS-191_GAmplicon_taxonomy-and-counts.tsv
16S_FCS_Hsap_S5_scWim_390d_Rep5_05-390	S5	390	Late	GLDS-191_GAmplicon_ASVs.fasta, GLDS-191_GAmplicon_counts.tsv, GLDS-191_GAmplicon_read-count-tracking.tsv, GLDS-191_GAmplicon_taxonomy-and-counts.biom.zip, GLDS-191_GAmplicon_taxonomy.tsv, GLDS-191_GAmplicon_taxonomy-and-counts.tsv
16S_FCS_Hsap_S5_scWim_420d_Rep5_05-420	S5	420	Late	GLDS-191_GAmplicon_ASVs.fasta, GLDS-191_GAmplicon_counts.tsv, GLDS-191_GAmplicon_read-count-tracking.tsv, GLDS-191_GAmplicon_taxonomy-and-counts.biom.zip, GLDS-191_GAmplicon_taxonomy.tsv, GLDS-191_GAmplicon_taxonomy-and-counts.tsv
16S_FCS_Hsap_S5_scWim_450d_Rep5_05-450	S5	450	Late	GLDS-191_GAmplicon_ASVs.fasta, GLDS-191_GAmplicon_counts.tsv, GLDS-191_GAmplicon_read-count-tracking.tsv, GLDS-191_GAmplicon_taxonomy-and-counts.biom.zip, GLDS-191_GAmplicon_taxonomy.tsv, GLDS-191_GAmplicon_taxonomy-and-counts.tsv
16S_FCS_Hsap_S5_scWim_45d_Rep5_05-45	S5	45	Early	GLDS-191_GAmplicon_ASVs.fasta, GLDS-191_GAmplicon_counts.tsv, GLDS-191_GAmplicon_read-count-tracking.tsv, GLDS-191_GAmplicon_taxonomy-and-counts.biom.zip, GLDS-191_GAmplicon_taxonomy.tsv, GLDS-191_GAmplicon_taxonomy-and-counts.tsv
16S_FCS_Hsap_S5_scWim_490d_Rep5_05-490	S5	490	Late	GLDS-191_GAmplicon_ASVs.fasta, GLDS-191_GAmplicon_counts.tsv, GLDS-191_GAmplicon_read-count-tracking.tsv, GLDS-191_GAmplicon_taxonomy-and-counts.biom.zip, GLDS-191_GAmplicon_taxonomy.tsv, GLDS-191_GAmplicon_taxonomy-and-counts.tsv
16S_FCS_Hsap_S5_scWim_504d_Rep5_05-504	S5	504	Late	GLDS-191_GAmplicon_ASVs.fasta, GLDS-191_GAmplicon_counts.tsv, GLDS-191_GAmplicon_read-count-tracking.tsv, GLDS-191_GAmplicon_taxonomy-and-counts.biom.zip, GLDS-191_GAmplicon_taxonomy.tsv, GLDS-191_GAmplicon_taxonomy-and-counts.tsv
16S_FCS_Hsap_S5_scWim_520d_Rep5_05-520	S5	520	Late	GLDS-191_GAmplicon_ASVs.fasta, GLDS-191_GAmplicon_counts.tsv, GLDS-191_GAmplicon_read-count-tracking.tsv, GLDS-191_GAmplicon_taxonomy-and-counts.biom.zip, GLDS-191_GAmplicon_taxonomy.tsv, GLDS-191_GAmplicon_taxonomy-and-counts.tsv
16S_FCS_Hsap_S5_scWim_60d_Rep5_05-60	S5	60	Mid	GLDS-191_GAmplicon_ASVs.fasta, GLDS-191_GAmplicon_counts.tsv, GLDS-191_GAmplicon_read-count-tracking.tsv, GLDS-191_GAmplicon_taxonomy-and-counts.biom.zip, GLDS-191_GAmplicon_taxonomy.tsv, GLDS-191_GAmplicon_taxonomy-and-counts.tsv
16S_FCS_Hsap_S5_scWim_75d_Rep5_05-75	S5	75	Mid	GLDS-191_GAmplicon_ASVs.fasta, GLDS-191_GAmplicon_counts.tsv, GLDS-191_GAmplicon_read-count-tracking.tsv, GLDS-191_GAmplicon_taxonomy-and-counts.biom.zip, GLDS-191_GAmplicon_taxonomy.tsv, GLDS-191_GAmplicon_taxonomy-and-counts.tsv
16S_FCS_Hsap_S5_scWim_7d_Rep5_05-7	S5	7	Early	GLDS-191_GAmplicon_ASVs.fasta, GLDS-191_GAmplicon_counts.tsv, GLDS-191_GAmplicon_read-count-tracking.tsv, GLDS-191_GAmplicon_taxonomy-and-counts.biom.zip, GLDS-191_GAmplicon_taxonomy.tsv, GLDS-191_GAmplicon_taxonomy-and-counts.tsv
16S_FCS_Hsap_S5_scWim_90d_Rep5_05-90	S5	90	Mid	GLDS-191_GAmplicon_ASVs.fasta, GLDS-191_GAmplicon_counts.tsv, GLDS-191_GAmplicon_read-count-tracking.tsv, GLDS-191_GAmplicon_taxonomy-and-counts.biom.zip, GLDS-191_GAmplicon_taxonomy.tsv, GLDS-191_GAmplicon_taxonomy-and-counts.tsv
16S_FCS_Hsap_S5_scBem_minus10d_Rep3_05-minus10	S5	-10	Pre-Mission	GLDS-191_GAmplicon_ASVs.fasta, GLDS-191_GAmplicon_counts.tsv, GLDS-191_GAmplicon_read-count-tracking.tsv, GLDS-191_GAmplicon_taxonomy-and-counts.biom.zip, GLDS-191_GAmplicon_taxonomy.tsv, GLDS-191_GAmplicon_taxonomy-and-counts.tsv
16S_FCS_Hsap_S5_scAem_plus10d_Rep5_05-plus10	S5	530	Post-Mission	GLDS-191_GAmplicon_ASVs.fasta, GLDS-191_GAmplicon_counts.tsv, GLDS-191_GAmplicon_read-count-tracking.tsv, GLDS-191_GAmplicon_taxonomy-and-counts.biom.zip, GLDS-191_GAmplicon_taxonomy.tsv, GLDS-191_GAmplicon_taxonomy-and-counts.tsv
16S_FCS_Hsap_S5_scAem_plus3mon_Rep5_05-plus3m	S5	610	Post-Mission	GLDS-191_GAmplicon_ASVs.fasta, GLDS-191_GAmplicon_counts.tsv, GLDS-191_GAmplicon_read-count-tracking.tsv, GLDS-191_GAmplicon_taxonomy-and-counts.biom.zip, GLDS-191_GAmplicon_taxonomy.tsv, GLDS-191_GAmplicon_taxonomy-and-counts.tsv
16S_FCS_Hsap_S6_scWim_120d_Rep6_06-120	S6	120	Mid	GLDS-191_GAmplicon_ASVs.fasta, GLDS-191_GAmplicon_counts.tsv, GLDS-191_GAmplicon_read-count-tracking.tsv, GLDS-191_GAmplicon_taxonomy-and-counts.biom.zip, GLDS-191_GAmplicon_taxonomy.tsv, GLDS-191_GAmplicon_taxonomy-and-counts.tsv
16S_FCS_Hsap_S6_scWim_14d_Rep6_06-14	S6	14	Early	GLDS-191_GAmplicon_ASVs.fasta, GLDS-191_GAmplicon_counts.tsv, GLDS-191_GAmplicon_read-count-tracking.tsv, GLDS-191_GAmplicon_taxonomy-and-counts.biom.zip, GLDS-191_GAmplicon_taxonomy.tsv, GLDS-191_GAmplicon_taxonomy-and-counts.tsv
16S_FCS_Hsap_S6_scWim_150d_Rep6_06-150	S6	150	Mid	GLDS-191_GAmplicon_ASVs.fasta, GLDS-191_GAmplicon_counts.tsv, GLDS-191_GAmplicon_read-count-tracking.tsv, GLDS-191_GAmplicon_taxonomy-and-counts.biom.zip, GLDS-191_GAmplicon_taxonomy.tsv, GLDS-191_GAmplicon_taxonomy-and-counts.tsv
16S_FCS_Hsap_S6_scWim_180d_Rep6_06-180	S6	180	Mid	GLDS-191_GAmplicon_ASVs.fasta, GLDS-191_GAmplicon_counts.tsv, GLDS-191_GAmplicon_read-count-tracking.tsv, GLDS-191_GAmplicon_taxonomy-and-counts.biom.zip, GLDS-191_GAmplicon_taxonomy.tsv, GLDS-191_GAmplicon_taxonomy-and-counts.tsv
16S_FCS_Hsap_S6_scWim_1d_Rep5_06-1	S6	1	Early	GLDS-191_GAmplicon_ASVs.fasta, GLDS-191_GAmplicon_counts.tsv, GLDS-191_GAmplicon_read-count-tracking.tsv, GLDS-191_GAmplicon_taxonomy-and-counts.biom.zip, GLDS-191_GAmplicon_taxonomy.tsv, GLDS-191_GAmplicon_taxonomy-and-counts.tsv
16S_FCS_Hsap_S6_scWim_210d_Rep6_06-210	S6	210	Mid	GLDS-191_GAmplicon_ASVs.fasta, GLDS-191_GAmplicon_counts.tsv, GLDS-191_GAmplicon_read-count-tracking.tsv, GLDS-191_GAmplicon_taxonomy-and-counts.biom.zip, GLDS-191_GAmplicon_taxonomy.tsv, GLDS-191_GAmplicon_taxonomy-and-counts.tsv
16S_FCS_Hsap_S6_scWim_21d_Rep6_06-21	S6	21	Early	GLDS-191_GAmplicon_ASVs.fasta, GLDS-191_GAmplicon_counts.tsv, GLDS-191_GAmplicon_read-count-tracking.tsv, GLDS-191_GAmplicon_taxonomy-and-counts.biom.zip, GLDS-191_GAmplicon_taxonomy.tsv, GLDS-191_GAmplicon_taxonomy-and-counts.tsv
16S_FCS_Hsap_S6_scWim_240d_Rep5_06-240	S6	240	Mid	GLDS-191_GAmplicon_ASVs.fasta, GLDS-191_GAmplicon_counts.tsv, GLDS-191_GAmplicon_read-count-tracking.tsv, GLDS-191_GAmplicon_taxonomy-and-counts.biom.zip, GLDS-191_GAmplicon_taxonomy.tsv, GLDS-191_GAmplicon_taxonomy-and-counts.tsv
16S_FCS_Hsap_S6_scWim_270d_Rep5_06-270	S6	270	Mid	GLDS-191_GAmplicon_ASVs.fasta, GLDS-191_GAmplicon_counts.tsv, GLDS-191_GAmplicon_read-count-tracking.tsv, GLDS-191_GAmplicon_taxonomy-and-counts.biom.zip, GLDS-191_GAmplicon_taxonomy.tsv, GLDS-191_GAmplicon_taxonomy-and-counts.tsv
16S_FCS_Hsap_S6_scWim_300d_Rep6_06-300	S6	300	Mid	GLDS-191_GAmplicon_ASVs.fasta, GLDS-191_GAmplicon_counts.tsv, GLDS-191_GAmplicon_read-count-tracking.tsv, GLDS-191_GAmplicon_taxonomy-and-counts.biom.zip, GLDS-191_GAmplicon_taxonomy.tsv, GLDS-191_GAmplicon_taxonomy-and-counts.tsv
16S_FCS_Hsap_S6_scWim_30d_Rep6_06-30	S6	30	Early	GLDS-191_GAmplicon_ASVs.fasta, GLDS-191_GAmplicon_counts.tsv, GLDS-191_GAmplicon_read-count-tracking.tsv, GLDS-191_GAmplicon_taxonomy-and-counts.biom.zip, GLDS-191_GAmplicon_taxonomy.tsv, GLDS-191_GAmplicon_taxonomy-and-counts.tsv
16S_FCS_Hsap_S6_scWim_330d_Rep6_06-330	S6	330	Mid	GLDS-191_GAmplicon_ASVs.fasta, GLDS-191_GAmplicon_counts.tsv, GLDS-191_GAmplicon_read-count-tracking.tsv, GLDS-191_GAmplicon_taxonomy-and-counts.biom.zip, GLDS-191_GAmplicon_taxonomy.tsv, GLDS-191_GAmplicon_taxonomy-and-counts.tsv
16S_FCS_Hsap_S6_scWim_360d_Rep6_06-360	S6	360	Late	GLDS-191_GAmplicon_ASVs.fasta, GLDS-191_GAmplicon_counts.tsv, GLDS-191_GAmplicon_read-count-tracking.tsv, GLDS-191_GAmplicon_taxonomy-and-counts.biom.zip, GLDS-191_GAmplicon_taxonomy.tsv, GLDS-191_GAmplicon_taxonomy-and-counts.tsv
16S_FCS_Hsap_S6_scWim_390d_Rep6_06-390	S6	390	Late	GLDS-191_GAmplicon_ASVs.fasta, GLDS-191_GAmplicon_counts.tsv, GLDS-191_GAmplicon_read-count-tracking.tsv, GLDS-191_GAmplicon_taxonomy-and-counts.biom.zip, GLDS-191_GAmplicon_taxonomy.tsv, GLDS-191_GAmplicon_taxonomy-and-counts.tsv
16S_FCS_Hsap_S6_scWim_420d_Rep6_06-420	S6	420	Late	GLDS-191_GAmplicon_ASVs.fasta, GLDS-191_GAmplicon_counts.tsv, GLDS-191_GAmplicon_read-count-tracking.tsv, GLDS-191_GAmplicon_taxonomy-and-counts.biom.zip, GLDS-191_GAmplicon_taxonomy.tsv, GLDS-191_GAmplicon_taxonomy-and-counts.tsv
16S_FCS_Hsap_S6_scWim_450d_Rep6_06-450	S6	450	Late	GLDS-191_GAmplicon_ASVs.fasta, GLDS-191_GAmplicon_counts.tsv, GLDS-191_GAmplicon_read-count-tracking.tsv, GLDS-191_GAmplicon_taxonomy-and-counts.biom.zip, GLDS-191_GAmplicon_taxonomy.tsv, GLDS-191_GAmplicon_taxonomy-and-counts.tsv
16S_FCS_Hsap_S6_scWim_45d_Rep6_06-45	S6	45	Early	GLDS-191_GAmplicon_ASVs.fasta, GLDS-191_GAmplicon_counts.tsv, GLDS-191_GAmplicon_read-count-tracking.tsv, GLDS-191_GAmplicon_taxonomy-and-counts.biom.zip, GLDS-191_GAmplicon_taxonomy.tsv, GLDS-191_GAmplicon_taxonomy-and-counts.tsv
16S_FCS_Hsap_S6_scWim_490d_Rep6_06-490	S6	490	Late	GLDS-191_GAmplicon_ASVs.fasta, GLDS-191_GAmplicon_counts.tsv, GLDS-191_GAmplicon_read-count-tracking.tsv, GLDS-191_GAmplicon_taxonomy-and-counts.biom.zip, GLDS-191_GAmplicon_taxonomy.tsv, GLDS-191_GAmplicon_taxonomy-and-counts.tsv
16S_FCS_Hsap_S6_scWim_504d_Rep6_06-504	S6	504	Late	GLDS-191_GAmplicon_ASVs.fasta, GLDS-191_GAmplicon_counts.tsv, GLDS-191_GAmplicon_read-count-tracking.tsv, GLDS-191_GAmplicon_taxonomy-and-counts.biom.zip, GLDS-191_GAmplicon_taxonomy.tsv, GLDS-191_GAmplicon_taxonomy-and-counts.tsv
16S_FCS_Hsap_S6_scWim_520d_Rep6_06-520	S6	520	Late	GLDS-191_GAmplicon_ASVs.fasta, GLDS-191_GAmplicon_counts.tsv, GLDS-191_GAmplicon_read-count-tracking.tsv, GLDS-191_GAmplicon_taxonomy-and-counts.biom.zip, GLDS-191_GAmplicon_taxonomy.tsv, GLDS-191_GAmplicon_taxonomy-and-counts.tsv
16S_FCS_Hsap_S6_scWim_60d_Rep6_06-60	S6	60	Mid	GLDS-191_GAmplicon_ASVs.fasta, GLDS-191_GAmplicon_counts.tsv, GLDS-191_GAmplicon_read-count-tracking.tsv, GLDS-191_GAmplicon_taxonomy-and-counts.biom.zip, GLDS-191_GAmplicon_taxonomy.tsv, GLDS-191_GAmplicon_taxonomy-and-counts.tsv
16S_FCS_Hsap_S6_scWim_75d_Rep6_06-75	S6	75	Mid	GLDS-191_GAmplicon_ASVs.fasta, GLDS-191_GAmplicon_counts.tsv, GLDS-191_GAmplicon_read-count-tracking.tsv, GLDS-191_GAmplicon_taxonomy-and-counts.biom.zip, GLDS-191_GAmplicon_taxonomy.tsv, GLDS-191_GAmplicon_taxonomy-and-counts.tsv
16S_FCS_Hsap_S6_scWim_7d_Rep6_06-7	S6	7	Early	GLDS-191_GAmplicon_ASVs.fasta, GLDS-191_GAmplicon_counts.tsv, GLDS-191_GAmplicon_read-count-tracking.tsv, GLDS-191_GAmplicon_taxonomy-and-counts.biom.zip, GLDS-191_GAmplicon_taxonomy.tsv, GLDS-191_GAmplicon_taxonomy-and-counts.tsv
16S_FCS_Hsap_S6_scWim_90d_Rep6_06-90	S6	90	Mid	GLDS-191_GAmplicon_ASVs.fasta, GLDS-191_GAmplicon_counts.tsv, GLDS-191_GAmplicon_read-count-tracking.tsv, GLDS-191_GAmplicon_taxonomy-and-counts.biom.zip, GLDS-191_GAmplicon_taxonomy.tsv, GLDS-191_GAmplicon_taxonomy-and-counts.tsv
16S_FCS_Hsap_S6_scBem_minus10d_Rep4_06-minus10	S6	-10	Pre-Mission	GLDS-191_GAmplicon_ASVs.fasta, GLDS-191_GAmplicon_counts.tsv, GLDS-191_GAmplicon_read-count-tracking.tsv, GLDS-191_GAmplicon_taxonomy-and-counts.biom.zip, GLDS-191_GAmplicon_taxonomy.tsv, GLDS-191_GAmplicon_taxonomy-and-counts.tsv
16S_FCS_Hsap_S6_scAem_plus10d_Rep6_06-plus10	S6	530	Post-Mission	GLDS-191_GAmplicon_ASVs.fasta, GLDS-191_GAmplicon_counts.tsv, GLDS-191_GAmplicon_read-count-tracking.tsv, GLDS-191_GAmplicon_taxonomy-and-counts.biom.zip, GLDS-191_GAmplicon_taxonomy.tsv, GLDS-191_GAmplicon_taxonomy-and-counts.tsv
16S_FCS_Hsap_S6_scAem_plus6mon_Rep4_06-plus6m	S6	700	Post-Mission	GLDS-191_GAmplicon_ASVs.fasta, GLDS-191_GAmplicon_counts.tsv, GLDS-191_GAmplicon_read-count-tracking.tsv, GLDS-191_GAmplicon_taxonomy-and-counts.biom.zip, GLDS-191_GAmplicon_taxonomy.tsv, GLDS-191_GAmplicon_taxonomy-and-counts.tsv
